project_folder,score,unsafe_removed,unsafe_remaining,passtests,agent_safety_prompt_call_duration_sec,agent_safety_prompt_output_tokens
zlib_attempt1,0.03800726832222895,251,6353,True,218.70339373871684,20033
zlib_attempt2,0.0045647725484023296,29,6324,True,141.1794850109145,11634
zlib_attempt3,0.014705882352941176,93,6231,True,212.16554870642722,16084
zlib_attempt4,0.0017653667148130314,11,6220,True,218.7989811776206,17965
zlib_attempt5,0.0040192926045016075,25,6195,True,286.58316005952656,22026
zlib_attempt6,0.0011299435028248588,7,6188,True,168.04668108932674,12653
zlib_attempt7,0.010665804783451843,66,6122,True,375.3471438391134,30497
zlib_attempt8,0.12267232930414897,751,5371,True,228.04558947309852,16425
zlib_attempt9,0.0005585552038726494,3,5368,True,131.7210151180625,9296
zlib_attempt10,0.009314456035767511,50,5318,True,302.0179285509512,24028
zlib_attempt11,0.005453177886423468,29,5289,True,257.4129552356899,21512
zlib_attempt12,0.003403289846851957,18,5271,True,231.8545566117391,18586
zlib_attempt13,0.00872699677480554,46,5225,True,399.0927156833932,35558
zlib_attempt14,0.010526315789473684,55,5170,True,248.8386967247352,20030
zlib_attempt15,0.03597678916827853,186,4984,True,228.46831056661904,18364
zlib_attempt16,0.004815409309791332,24,4960,True,197.9406426344067,18832
zlib_attempt17,0.005040322580645161,25,4935,True,342.7198744751513,30305
zlib_attempt18,0.00486322188449848,24,4911,True,294.37932117749006,24170
zlib_attempt19,0.005090612909794339,25,4886,True,308.9778974149376,27471
zlib_attempt20,0.0034793286942284077,17,4869,True,391.1177827427164,33972
